{"main":"american-flights-api-assignment.raml","name":"American Flights API - Assignment","organizationId":"d0a5a5da-e82f-4b62-8b7e-6bc003ee47ce","groupId":"d0a5a5da-e82f-4b62-8b7e-6bc003ee47ce","assetId":"american-flights-api-assignment","version":"1.0.0","metadata":{"branchId":"master","commitId":"c868b6c6d8d95d9efa539ec84b1323edcb8e5c8f","projectId":"b861181f-7238-42b1-ac37-bb79559c582f"},"apiVersion":"1","classifier":"raml","dependencies":[{"assetId":"training-american-flight-data-type","groupId":"68ef9520-24e9-4cf2-b2f5-620025690913","version":"1.0.1"},{"assetId":"training-american-flights-example","groupId":"68ef9520-24e9-4cf2-b2f5-620025690913","version":"1.0.1"}],"tags":[],"originalFormatVersion":"1.0"}